model,overall_accuracy,bar_accuracy,line_accuracy,scatter_accuracy,mean_latency_ms,mean_cost_per_task,total_cost
claude-3.5-sonnet,0.8388235294117647,1.0,0.9,0.6866666666666666,3804.225171915262,0.004141454117647059,3.520236
gemini-2.5-flash,0.8364705882352941,1.0,0.9066666666666666,0.9,4468.010947132917,0.0001318745294117535,0.11209334999999049
